{
  "generated_at": "2026-04-22T21:11:14.036455+00:00",
  "interval": "1d",
  "window_days": 120,
  "best_config": {
    "z_entry": 1.5,
    "min_tao_pct": 1.0,
    "stop_loss_pct": 4.0,
    "take_profit_pct": 8.0
  },
  "regime_distribution_pct": {
    "DEAD": 1.0526315789473684,
    "TRENDING": 67.36842105263158,
    "DISPERSED": 31.57894736842105
  },
  "results": [
    {
      "variant": "baseline (no label gate)",
      "regime_label_gate": null,
      "total_trades": 138,
      "winning_trades": 72,
      "losing_trades": 66,
      "win_rate": 52.17391304347826,
      "expectancy": 0.9899164539067176,
      "profit_factor": 1.6347065887185026,
      "max_drawdown_pct": 11.929690485854186,
      "sharpe_ratio": 2.9203290993946855,
      "avg_win_pct": 4.821625354720635,
      "avg_loss_pct": -3.1901296197084648,
      "avg_hold_hours": 25.998743959339777,
      "pot_growth_tao": 4.420377717452482,
      "pot_growth_pct": 44.20377717452482,
      "pct_blocked_by_regime_label": 0.0,
      "pct_blocked_by_cold_start": 49.948114839156,
      "exit_reasons": {
        "TIME_STOP_HARD": 91,
        "STOP_LOSS": 18,
        "TIME_STOP_SOFT": 10,
        "TAKE_PROFIT": 16,
        "TRAILING_STOP": 1,
        "END_OF_DATA": 2
      },
      "subnets_traded": [
        1,
        2,
        3,
        4,
        5,
        6,
        7,
        8,
        9,
        10,
        11,
        12,
        13,
        14,
        17,
        18,
        19,
        20,
        24,
        26,
        27,
        28,
        30,
        32,
        33,
        34,
        35,
        39,
        42,
        43,
        44,
        45,
        46,
        48,
        50,
        51,
        54,
        55,
        58,
        61,
        62,
        63,
        64,
        65,
        66,
        68,
        69,
        71,
        73,
        75,
        79,
        81,
        83,
        85,
        88,
        93,
        95,
        98,
        103,
        120,
        121,
        125
      ]
    },
    {
      "variant": "DISPERSED-only",
      "regime_label_gate": [
        "DISPERSED"
      ],
      "total_trades": 31,
      "winning_trades": 13,
      "losing_trades": 18,
      "win_rate": 41.935483870967744,
      "expectancy": 0.08016484550792846,
      "profit_factor": 1.0556688469449274,
      "max_drawdown_pct": 9.156275837775707,
      "sharpe_ratio": 0.18085777900772534,
      "avg_win_pct": 6.131633958251198,
      "avg_loss_pct": -4.290340624806656,
      "avg_hold_hours": 26.32258060035842,
      "pot_growth_tao": 0.13788788494320023,
      "pot_growth_pct": 1.3788788494320021,
      "pct_blocked_by_regime_label": 2.1047227926078027,
      "pct_blocked_by_cold_start": 44.47638603696099,
      "exit_reasons": {
        "STOP_LOSS": 7,
        "TIME_STOP_HARD": 19,
        "TRAILING_STOP": 1,
        "TAKE_PROFIT": 3,
        "TIME_STOP_SOFT": 1
      },
      "subnets_traded": [
        1,
        2,
        3,
        4,
        5,
        10,
        12,
        13,
        20,
        22,
        32,
        34,
        42,
        43,
        45,
        46,
        62,
        63,
        65,
        68,
        71,
        73,
        93
      ]
    },
    {
      "variant": "DISPERSED+TRENDING",
      "regime_label_gate": [
        "DISPERSED",
        "TRENDING"
      ],
      "total_trades": 138,
      "winning_trades": 72,
      "losing_trades": 66,
      "win_rate": 52.17391304347826,
      "expectancy": 0.9899164539067176,
      "profit_factor": 1.6347065887185026,
      "max_drawdown_pct": 11.929690485854186,
      "sharpe_ratio": 2.9203290993946855,
      "avg_win_pct": 4.821625354720635,
      "avg_loss_pct": -3.1901296197084648,
      "avg_hold_hours": 25.998743959339777,
      "pot_growth_tao": 4.420377717452482,
      "pot_growth_pct": 44.20377717452482,
      "pct_blocked_by_regime_label": 0.0,
      "pct_blocked_by_cold_start": 49.948114839156,
      "exit_reasons": {
        "TIME_STOP_HARD": 91,
        "STOP_LOSS": 18,
        "TIME_STOP_SOFT": 10,
        "TAKE_PROFIT": 16,
        "TRAILING_STOP": 1,
        "END_OF_DATA": 2
      },
      "subnets_traded": [
        1,
        2,
        3,
        4,
        5,
        6,
        7,
        8,
        9,
        10,
        11,
        12,
        13,
        14,
        17,
        18,
        19,
        20,
        24,
        26,
        27,
        28,
        30,
        32,
        33,
        34,
        35,
        39,
        42,
        43,
        44,
        45,
        46,
        48,
        50,
        51,
        54,
        55,
        58,
        61,
        62,
        63,
        64,
        65,
        66,
        68,
        69,
        71,
        73,
        75,
        79,
        81,
        83,
        85,
        88,
        93,
        95,
        98,
        103,
        120,
        121,
        125
      ]
    }
  ]
}